{"installs":{"luna 0.3.1 (path+file:///Users/Ciaran/atlassian-bitbucket-pipelines-runner/temp/e71169e4-520a-5b30-a5ab-ee8a44eb5fac/build)":{"version_req":null,"bins":["clustering2","exploring_kdtrees","tpx3dump","tpx4dump"],"features":[],"all_features":false,"no_default_features":false,"profile":"release","target":"aarch64-apple-darwin","rustc":"rustc 1.79.0 (129f3b996 2024-06-10)\nbinary: rustc\ncommit-hash: 129f3b9964af4d4a709d1383930ade12dfe7c081\ncommit-date: 2024-06-10\nhost: aarch64-apple-darwin\nrelease: 1.79.0\nLLVM version: 18.1.7\n"}}}